states,right 1,left 1,right 2,left 2,right 3,left 3
"(0, 0)",-17.214117843032486,-17.285169205289304,-16.624390591269027,-17.25474921363697,-17.04117414480732,-17.215746496453185
"(0, 1)",-16.751857832230314,-17.33215774374005,-17.031576539064556,-17.402902022144655,-17.061941125737082,-17.346933246326877
"(0, 2)",-15.659675872430535,-15.639651730685104,-15.559743424096956,-15.683602467022242,-15.585526908860098,-15.530136056676694
"(0, 3)",-16.325034631519113,-16.28263790072314,-15.69365235240991,-16.289572860599662,-16.3130817339075,-16.3044677893216
"(0, 4)",-12.227008872650797,-12.257895085265853,-12.515767144606935,-12.276009207472217,-12.227500304423037,-12.4738274050119
"(0, 5)",-9.191740016260198,-9.28316613924946,-9.143274296642376,-8.759635979419107,-9.075929201402724,-9.0798005739554
"(0, 6)",0.0,0.0,0.0,0.0,0.0,0.0
"(0, 7)",0.0,0.0,0.0,0.0,0.0,0.0
"(0, 8)",0.0,0.0,0.0,0.0,0.0,0.0
"(0, 9)",0.0,0.0,0.0,0.0,0.0,0.0
"(0, 10)",0.0,0.0,0.0,0.0,0.0,0.0
"(0, 11)",0.0,0.0,0.0,0.0,0.0,0.0
"(0, 12)",0.0,0.0,0.0,0.0,0.0,0.0
"(0, 13)",0.0,0.0,0.0,0.0,0.0,0.0
"(0, 14)",0.0,0.0,0.0,0.0,0.0,0.0
"(0, 15)",0.0,0.0,0.0,0.0,0.0,0.0
"(0, 16)",0.0,0.0,0.0,0.0,0.0,0.0
"(0, 17)",0.0,0.0,0.0,0.0,0.0,0.0
"(0, 18)",0.0,0.0,0.0,0.0,0.0,0.0
"(0, 19)",0.0,0.0,0.0,0.0,0.0,0.0
"(1, 0)",-16.498769704547808,-16.740864006430584,-16.25986398386779,-16.441243411982988,-16.351503083569575,-16.56947724994638
"(1, 1)",-16.735812002199733,-16.78366686379058,-16.74046792489605,-16.848425673555887,-16.218374913859005,-17.07891203679026
"(1, 2)",-16.021910147320245,-17.123354699664894,-16.27109078683998,-17.335856872113464,-16.34925716077391,-17.33076451140098
"(1, 3)",-16.242209372337804,-16.289224792932565,-16.34349917437931,-17.12239454848172,-16.303322972842953,-17.30552656791022
"(1, 4)",-16.337672548061924,-16.14471614678282,-16.319395278192424,-16.289427674763413,-16.29733970898004,-17.159818669755875
"(1, 5)",-15.826570756898231,-15.825359658083897,-15.853258867562412,-15.827333227371883,-15.84885933118283,-15.818768241478804
"(1, 6)",-15.872061364142327,-15.844199664906665,-15.832447955578086,-15.8673779949378,-15.982898056433665,-15.82936085076224
"(1, 7)",0.0,0.0,0.0,0.0,0.0,0.0
"(1, 8)",0.0,0.0,0.0,0.0,0.0,0.0
"(1, 9)",0.0,0.0,0.0,0.0,0.0,0.0
"(1, 10)",0.0,0.0,0.0,0.0,0.0,0.0
"(1, 11)",0.0,0.0,0.0,0.0,0.0,0.0
"(1, 12)",0.0,0.0,0.0,0.0,0.0,0.0
"(1, 13)",0.0,0.0,0.0,0.0,0.0,0.0
"(1, 14)",0.0,0.0,0.0,0.0,0.0,0.0
"(1, 15)",0.0,0.0,0.0,0.0,0.0,0.0
"(1, 16)",0.0,0.0,0.0,0.0,0.0,0.0
"(1, 17)",0.0,0.0,0.0,0.0,0.0,0.0
"(1, 18)",0.0,0.0,0.0,0.0,0.0,0.0
"(1, 19)",0.0,0.0,0.0,0.0,0.0,0.0
"(2, 0)",-15.481647044824586,-15.671387851392431,-15.354887635102857,-15.3429646809102,-15.105118372505324,-15.612837645174373
"(2, 1)",-15.390790832329515,-15.62551517859697,-15.342552595586199,-15.425785300734772,-15.12602542675755,-15.505265849840997
"(2, 2)",-15.437087764133953,-17.003231495852454,-15.62345257084454,-16.892586479963718,-15.62067474998423,-16.798353877484857
"(2, 3)",-15.452933149831603,-16.2037811999174,-15.169219432617513,-17.133240606020653,-15.503127945125593,-17.010359578807154
"(2, 4)",-15.399448895393899,-15.468510370531984,-15.512112855086816,-16.121528454718593,-15.463926044455114,-17.14106693771521
"(2, 5)",-16.401291396676346,-16.474136410685368,-15.601966040054243,-16.453493728468224,-16.587329794043548,-16.50986474278609
"(2, 6)",-16.687302858584495,-16.517760239114313,-16.704907472266594,-16.63139072179929,-16.631701054578237,-15.755415252936247
"(2, 7)",-16.282292463775704,-16.90241684756424,-16.93468095856913,-16.54828417612034,-16.860704469343304,-15.49904479799034
"(2, 8)",-17.073943036736896,-17.085075870062763,-17.06321977488512,-17.084213303345752,-17.09844119204523,-16.633937339581557
"(2, 9)",-17.149548760057765,-17.148829583468277,-17.137554154791278,-17.021667850511577,-17.162204975602826,-17.094825890263365
"(2, 10)",-17.053056731607093,-17.02451703883431,-16.98300747678101,-17.06076262903897,-17.056010405306527,-16.751342619082223
"(2, 11)",-17.125049716239943,-17.05792609923074,-17.0833296360338,-17.091421950911613,-17.109612945923026,-17.083064996730105
"(2, 12)",-17.10639521436383,-17.097739322369428,-17.076965977978325,-17.118801618042074,-17.049938529841356,-17.07532793270981
"(2, 13)",-17.064737400749763,-17.069553372921806,-17.075251802698524,-17.101691696424293,-17.11883489686045,-17.102095588785303
"(2, 14)",-17.07936023959081,-17.112093571766632,-17.089600841980786,-17.071549165320217,-17.0923128188305,-17.071889676076058
"(2, 15)",-17.084726458564766,-17.060612715918857,-17.052312538569563,-17.093183117270456,-17.043600789671135,-17.100842582816043
"(2, 16)",-17.08596882400998,-17.12393233572017,-17.084983982754075,-17.12106710894246,-17.16320856968425,-17.09543204963829
"(2, 17)",-17.092553754298834,-17.054751190060948,-17.06182789586104,-17.049715150215544,-17.026176066296433,-17.073803304157895
"(2, 18)",-17.014416565490762,-16.992411555944308,-17.056174034357525,-17.013086703195167,-16.978100184311103,-17.047424558990436
"(2, 19)",-17.288144694104417,-17.313982566751907,-17.30345477204742,-17.32404505904296,-17.28052832990174,-17.301834679446827
"(3, 0)",-14.915212125956787,-14.969722375462883,-14.89187110152136,-14.994830954240886,-14.869429395124165,-14.950378351614653
"(3, 1)",-14.576132514232691,-14.369330650627674,-14.392027570344474,-14.425633596682067,-13.912561530398088,-14.421607421968552
"(3, 2)",-15.231024848256002,-16.448781923843224,-13.893095380188507,-17.146855014025537,-13.523589424428438,-16.570046157713396
"(3, 3)",-14.359069742880125,-16.096750546734054,-15.134916375081218,-16.094903166972838,-15.131791384225645,-16.117305190323744
"(3, 4)",-14.623290365669186,-15.565312944261715,-15.12393171393336,-16.10048600170906,-15.055845745449929,-16.095456898570095
"(3, 5)",-14.315416240949965,-14.784253456556272,-14.605302363616266,-15.145177499233714,-14.672761056824713,-16.249316724153804
"(3, 6)",-15.020541785706627,-14.992743456990311,-14.961627415180835,-14.801713027684594,-15.020224071729565,-15.383103235698488
"(3, 7)",-15.569821047204098,-15.315049019972248,-15.379229853810724,-15.43349439837319,-15.536073343940362,-14.84126335179453
"(3, 8)",-15.755154111529457,-15.780021249222475,-15.792310181558241,-15.757614513171225,-15.762825385114745,-14.57606670618256
"(3, 9)",-15.949772708882032,-15.882982296696786,-15.983133073422312,-15.875002449043825,-15.885600705431965,-15.51905712406471
"(3, 10)",-15.940168632696569,-15.913339062633971,-15.917739466720866,-15.87765144911296,-15.938117893337377,-15.801303036299025
"(3, 11)",-15.881022328495611,-15.931637351460932,-15.898103446248799,-15.87459336462605,-15.893152089336873,-15.91762436350393
"(3, 12)",-15.90943689454813,-15.879367561495293,-15.860954475822414,-15.919399101397827,-15.872901713851116,-15.940026255953683
"(3, 13)",-15.930768361356876,-15.912114660855682,-15.91133748401171,-15.881010957716976,-15.946952278490455,-15.902155840325364
"(3, 14)",-15.933615745371116,-15.894336572964564,-15.899414144582867,-15.865576798387607,-15.943502576597986,-15.91566167819832
"(3, 15)",-15.862538254621498,-15.917595823898274,-15.862852780074606,-15.895755637781628,-15.907346795827808,-15.937329494075069
"(3, 16)",-15.90143120620392,-15.910080068380958,-15.917408858622732,-15.965168131411072,-15.978465254675685,-15.945594579415456
"(3, 17)",-15.918941318117966,-15.867984080234269,-15.888741660368494,-15.88360655421758,-15.949619179841001,-15.881806726203653
"(3, 18)",-15.877735620704717,-15.834452712761378,-15.805130671713131,-15.841968635673812,-15.846417473468065,-15.887515175370737
"(3, 19)",-16.14798300482016,-16.140441112789404,-16.13164023915896,-16.18191382376028,-16.200027737942484,-16.16507643477449
"(4, 0)",-12.937700105996166,-12.987381454831093,-13.091342947060921,-12.973657335671582,-12.995021374020602,-12.950574692528118
"(4, 1)",-13.290820918729166,-13.389649409104655,-13.242036531369296,-13.328901057101204,-13.379791950845663,-13.26360655068979
"(4, 2)",-13.898462947053027,-13.825942837561527,-13.863965394238496,-13.87038103922473,-13.666068007011761,-13.909063899266943
"(4, 3)",-13.701203246175387,-13.703660923678276,-13.621047556734561,-13.656775855966629,-13.471137711684479,-13.829331117996535
"(4, 4)",-13.945211666187195,-15.033581194546304,-14.304593714162205,-14.396475715051672,-14.300755218850155,-14.717174471024887
"(4, 5)",-13.772348314438178,-14.788939956229765,-13.832265852350984,-15.293441299908991,-13.831733003872534,-14.502150030020394
"(4, 6)",-13.464417388082698,-13.765906201370589,-13.812315906236108,-14.689307937418347,-13.85766797338904,-15.302008072246737
"(4, 7)",-13.754469770273607,-13.753105192507412,-13.766916597337813,-13.76334578573994,-13.753208032459417,-14.782658818973008
"(4, 8)",-14.38592709572767,-14.502653164203673,-14.460777891305995,-14.47562187590243,-14.548674078383215,-13.698007029953338
"(4, 9)",-14.536780300473994,-14.542588261509803,-14.537734912734185,-13.929517683600869,-14.543968241861636,-14.525721043425426
"(4, 10)",-14.673147837200059,-14.638824796677687,-14.700534140632568,-14.627457393820006,-14.627485720019939,-14.611617294183974
"(4, 11)",-14.635097174309767,-14.528986536872841,-14.614660409643376,-14.601483364644071,-14.587357807594165,-14.584358562956698
"(4, 12)",-14.610386583056627,-14.587972131959258,-14.632006717562707,-14.65369667122129,-14.571672684090649,-14.632486498487678
"(4, 13)",-14.613986145522238,-14.637789004304134,-14.593297962788798,-14.628375358150167,-14.595558058569866,-14.602523307044706
"(4, 14)",-14.640182378361088,-14.577316887726655,-14.634649422457512,-14.586599412780767,-14.610377275345757,-14.60845711651119
"(4, 15)",-14.63659004541246,-14.593947445725826,-14.573327603757559,-14.583456534810873,-14.55464635413672,-14.627092397710653
"(4, 16)",-14.65204439469097,-14.605095655947345,-14.639417550738042,-14.60677915313089,-14.640477998842902,-14.659185450284442
"(4, 17)",-14.594580181319216,-14.58878222494997,-14.624757471662479,-14.58387239000583,-14.558145695016352,-14.629408706887082
"(4, 18)",-14.543777761953795,-14.577335510294557,-14.584691515270826,-14.529005171301085,-14.509430646284263,-14.552796069624547
"(4, 19)",-14.839733636973326,-14.880352454966694,-14.871567530152795,-14.832716023088821,-14.859421262735236,-14.830009485982979
"(5, 0)",-11.448028250351323,-11.48536473357415,-11.481707790637012,-11.498252910060064,-11.627408662140818,-11.448705261501209
"(5, 1)",-11.536070307966693,-11.2838453402377,-11.317192729719052,-11.259547710529462,-11.286568630453642,-11.240304900197726
"(5, 2)",-11.895758052726595,-12.00694243308082,-11.781071552119009,-11.782667064327766,-11.943274056024704,-11.952452570489204
"(5, 3)",-13.004465568207873,-12.946375389071704,-12.804344229152145,-12.96255829477062,-12.65448349916638,-12.947126874701206
"(5, 4)",-12.836784940930833,-12.80325240072967,-12.639534599751823,-12.801922808026056,-12.784651898646844,-12.812701947919857
"(5, 5)",-13.234267583759696,-14.647278674621752,-13.272652014892941,-14.365964980170427,-13.104237281089416,-14.231712160394304
"(5, 6)",-12.935418815670658,-13.718837813485285,-12.945994045187163,-14.731826596887236,-12.891938721972872,-14.355208388978925
"(5, 7)",-12.922270143151765,-12.632675041623923,-12.882275442730313,-13.677771087423816,-13.176512966257622,-14.744951165506503
"(5, 8)",-12.896311721494971,-12.956239157612936,-12.981032598176622,-12.940653499689214,-12.978515464848085,-13.620493934266484
"(5, 9)",-13.557466424511574,-13.394121947025711,-13.593597114288217,-13.065452606855242,-13.689937881808596,-13.53902114259358
"(5, 10)",-13.730449167834212,-13.724998597005026,-13.733608504029482,-13.081630331086277,-13.7245937086412,-13.741620398767541
"(5, 11)",-13.853501820351195,-13.79311473068073,-13.800592637178614,-13.795341030604897,-13.823695021197025,-13.804878734059333
"(5, 12)",-13.857730861941397,-13.826749436724931,-13.803243196630397,-13.850759483510494,-13.82041493784611,-13.839347615143913
"(5, 13)",-13.767669731662236,-13.794543282479388,-13.762801095338153,-13.804064988931234,-13.842837742866822,-13.789816703480724
"(5, 14)",-13.801350234866861,-13.79118892164325,-13.785280885418498,-13.827463933785113,-13.822801880499519,-13.850471481157966
"(5, 15)",-13.81605311218834,-13.834425445903676,-13.829536380621697,-13.757451209247582,-13.792536575621824,-13.780103639109766
"(5, 16)",-13.817731728005999,-13.858985798069495,-13.84383590352141,-13.830106460534399,-13.831111173721997,-13.846730906923213
"(5, 17)",-13.756193162118404,-13.804351532138224,-13.85663215248966,-13.838827991386822,-13.788610592272306,-13.81901341815545
"(5, 18)",-13.68962835538237,-13.748127427132653,-13.77278450336428,-13.774392744332811,-13.728493441608244,-13.724641358637857
"(5, 19)",-14.035055377215206,-14.06013797613216,-14.077335986456486,-14.081713967580828,-14.046045152073228,-14.029871431217485
"(6, 0)",-11.65587419138665,-11.64916217965774,-11.837827993891661,-11.731429589660904,-11.83136104857618,-11.65011323713049
"(6, 1)",-12.21214591123613,-12.241139372587863,-12.222676741642182,-12.081557726131354,-12.401819812119847,-12.35093920578342
"(6, 2)",-13.060370262697933,-13.237871376771114,-13.162457473643126,-13.06056173304728,-13.241317495521235,-13.237235765877166
"(6, 3)",-12.673470038584165,-12.77924791818676,-12.750229393856822,-12.726185505654945,-12.67773535481907,-12.774990714838012
"(6, 4)",-13.043931867155584,-13.127729587200186,-12.879315303227596,-13.198123068263923,-11.611172244792932,-12.974590337489383
"(6, 5)",-12.612470180608327,-13.970167219582422,-12.804152702893017,-14.203539817639463,-12.738337058462065,-13.758914947713748
"(6, 6)",-12.246895041758117,-13.85626391943111,-11.831020405228621,-13.559312825727456,-12.171210039668496,-13.511255925932966
"(6, 7)",-12.585902548512783,-12.807373507533915,-12.559281365758206,-13.95285730431004,-12.525867692500913,-13.827191486472872
"(6, 8)",-12.31353681853242,-12.455559263067212,-12.448461487517866,-12.720758667774703,-12.473661753749166,-13.719857070218916
"(6, 9)",-11.969482136305494,-12.123932928706516,-12.16988451541428,-12.26511705128692,-12.476756925653437,-12.866907065013539
"(6, 10)",-12.73099072150269,-12.169171994225122,-12.720312563429745,-12.684022048423762,-12.768571743947188,-12.720547457841501
"(6, 11)",-12.75836284759863,-12.736366896733887,-12.736649616907911,-12.285694610372396,-12.743461044900737,-12.699468728783344
"(6, 12)",-12.851502919623668,-12.809871371157893,-12.862918770753591,-12.799370879317767,-12.872671740962573,-12.773584252018068
"(6, 13)",-12.962365067222787,-12.949626971988236,-13.006427663352508,-12.92872862509916,-13.00813419591991,-12.928486690081032
"(6, 14)",-12.812419104107711,-12.889984804884302,-12.949227628481577,-12.821706832044088,-12.88613217886373,-12.80777474537138
"(6, 15)",-12.884828399756131,-12.892626762187547,-12.844294662961383,-12.931442546747641,-12.851452556585413,-12.922659985028199
"(6, 16)",-12.956574059645199,-12.970932263819053,-12.934517774827208,-12.930133277887599,-12.969149689837623,-13.012869458170927
"(6, 17)",-12.906974954613101,-12.922673690893387,-12.887811014994707,-12.841255045609659,-12.940215997744643,-12.883113465436857
"(6, 18)",-12.878401878042894,-12.826251973666638,-12.836024018414095,-12.820987716389922,-12.922151179978568,-12.803445960437749
"(6, 19)",-13.204656823458617,-13.174544941008898,-13.159918119450964,-13.201791735552138,-13.230530046482556,-13.179163690835132
"(7, 0)",-9.377373516852607,-9.404143748334935,-9.401207271489257,-9.39123979761082,-9.380007902111432,-9.33411947713162
"(7, 1)",-9.03885217527551,-9.011399602651059,-9.187326365831035,-9.056796949251181,-9.202361667775696,-9.091730584531847
"(7, 2)",-9.308105083618404,-9.270020360575469,-9.381353869090244,-9.351403024705942,-9.5138085333586,-9.373454941375494
"(7, 3)",-10.199452245989306,-10.017994997758008,-10.072795272579858,-9.960638420898373,-10.222203257982931,-10.1703026614203
"(7, 4)",-10.880711740918127,-10.735288198057008,-10.733953792138966,-10.686077219775854,-10.643703024813803,-10.774117136642909
"(7, 5)",-11.193186563115557,-11.291669824735864,-11.216767969977864,-11.237154785684185,-10.882967775705566,-11.251822646123472
"(7, 6)",-11.21741865245633,-11.323725252521621,-11.119699511286612,-11.17166711593684,-11.048961188670402,-11.132217420991214
"(7, 7)",-11.555080491927075,-12.588203833947158,-11.69361639808877,-12.622725044240669,-11.722834795290419,-13.230065343068468
"(7, 8)",-11.181734915908049,-12.383878476387899,-11.206797364660213,-12.71346750175906,-11.01284456355336,-12.704240794342198
"(7, 9)",-11.349140556731271,-11.698639158530778,-11.810100886812506,-11.966424596532823,-11.888048846353495,-12.689349757681176
"(7, 10)",-11.026995137336675,-11.212845365862544,-11.621367464500718,-11.404505492109028,-11.39925333443824,-12.452618420572112
"(7, 11)",-11.974863130393793,-11.945725249635446,-11.90812016062102,-11.93818839683828,-11.96562627107381,-11.46730866774895
"(7, 12)",-11.854268946777937,-11.913035317814561,-12.06661634712252,-12.035629369011843,-12.015544335100685,-11.920956633379737
"(7, 13)",-12.199947899289436,-12.162577581699615,-12.236755273267299,-12.15958697556994,-12.220531685466069,-12.113754572056225
"(7, 14)",-12.157238849869417,-12.23999950198627,-12.174138985312911,-12.194525885144028,-12.181773943389862,-12.201444442303456
"(7, 15)",-12.140307993384042,-12.156895498899532,-12.127280928346071,-12.176916442264472,-12.179218307190942,-12.130751771238216
"(7, 16)",-12.171762844143386,-12.223204675840535,-12.232687156288689,-12.24708970987714,-12.20645010448541,-12.171210823040045
"(7, 17)",-12.108514955302425,-12.179341817143161,-12.150991055022985,-12.164347385913448,-12.097769221833563,-12.186815115558202
"(7, 18)",-12.072753719328485,-12.119146361740755,-12.109895251028997,-12.112829697883758,-12.030705383874736,-12.088629472990398
"(7, 19)",-12.392991694531668,-12.36284263225305,-12.441222313217732,-12.411207829663866,-12.419473695439695,-12.42620414399157
"(8, 0)",-8.733100741394829,-8.770517151103506,-8.763121159427216,-8.712706122377046,-8.740162255030212,-8.791081585887849
"(8, 1)",-8.335552800746752,-8.377727350822093,-8.443843687436487,-8.417193996428693,-8.376108727365846,-8.328668642943178
"(8, 2)",-8.441360440234742,-8.484641294245897,-8.500406237275548,-8.424865549096271,-8.528127733207985,-8.500726305758336
"(8, 3)",-8.577393482942465,-8.611643652304243,-8.611719963776775,-8.616239266469341,-8.81378779787978,-8.643507346156289
"(8, 4)",-8.671548453872857,-8.631542087661126,-8.761755416966002,-8.577295354968781,-8.697131308441621,-8.563147549126397
"(8, 5)",-9.068124965834937,-8.799621139101175,-8.968768991202248,-8.844817053496891,-9.014624450293818,-8.838152052350274
"(8, 6)",-10.307759602840061,-10.287123851110874,-10.303915383297586,-10.329492071902049,-10.142770136877683,-10.263287177553408
"(8, 7)",-10.31350961054725,-10.256166798533341,-10.204097050755534,-10.326039738020082,-10.146176889631576,-10.425324162079667
"(8, 8)",-10.710765717860543,-11.96270096353562,-10.652223017367943,-11.890446442801691,-10.69551102303276,-11.640053592772055
"(8, 9)",-10.254626202373826,-11.354068709564789,-10.632095586651337,-12.242985923798296,-10.333697284439264,-11.902727419576742
"(8, 10)",-10.406480252450757,-11.152456424965454,-11.292414252380704,-11.251205595508944,-11.16592917341658,-11.890908903743961
"(8, 11)",-10.114813401268997,-10.301043299722554,-10.629828536427286,-10.255121514089247,-10.39153547303333,-11.386132433592154
"(8, 12)",-10.63459473694445,-11.031782446330535,-11.004671204751798,-11.035877734549317,-11.042339957280696,-11.071573331763428
"(8, 13)",-11.280703552363512,-11.273339642484467,-11.31312502960509,-10.433683681074374,-11.33418538932235,-11.320868545698898
"(8, 14)",-11.188645577525001,-11.243043963761949,-11.241064977080905,-11.224711856380438,-11.219156473672093,-11.224027510585975
"(8, 15)",-11.183424794463763,-11.210840673520211,-11.191659311048683,-11.276267251385606,-11.224095545107396,-11.21184345341062
"(8, 16)",-11.305503340863538,-11.297705995515061,-11.22908717593712,-11.287284438826001,-11.225570520641636,-11.252161723004402
"(8, 17)",-11.16632272031812,-11.22728625945089,-11.230995545247165,-11.165487560014684,-11.174548681359134,-11.231377271445162
"(8, 18)",-11.117062526503407,-11.100160453904556,-11.20549098714615,-11.12682333681412,-11.163768151709611,-11.172652566027033
"(8, 19)",-11.458475636361513,-11.473408419652708,-11.477810769190107,-11.444648025990269,-11.471941159304961,-11.500900065914271
"(9, 0)",-8.018517024868046,-8.008012123820508,-7.986739641692882,-8.036313137351577,-8.046741015170753,-8.035920615440736
"(9, 1)",-7.720567187530255,-7.724264306420896,-7.683356710071576,-7.677125841038764,-7.661955668883327,-7.641929137777913
"(9, 2)",-7.672895265340888,-7.679429384224564,-7.8208016309685755,-7.730135460708319,-8.051491871428382,-7.668762093726803
"(9, 3)",-8.131854103854277,-7.823731461981231,-8.013245424628813,-7.825679580896845,-8.07788188643431,-7.854726152052152
"(9, 4)",-10.456077015206535,-10.330679265590991,-10.384484953493166,-10.253769570618369,-10.190195296184953,-10.224660760532377
"(9, 5)",-11.345448145426213,-11.423750662609612,-11.418468890842027,-11.264247026174052,-11.356747076252878,-11.5131852631833
"(9, 6)",-10.40560408091818,-10.452850020075207,-10.308552347469416,-10.45066833823041,-9.935208723532902,-10.290371502418
"(9, 7)",-10.957651396933125,-11.393206423492755,-10.204023061808975,-11.499140869624677,-9.699353210061021,-10.602153878970018
"(9, 8)",-9.632477901400247,-10.881368225876049,-10.249192447101509,-11.444529092775591,-10.296063245459745,-11.865292090694858
"(9, 9)",-9.562681550130714,-11.60734218209368,-8.411982696934187,-11.146552982263625,-9.485537104844534,-11.045367868682671
"(9, 10)",-9.485245931823941,-10.08862137759642,-9.437612166203602,-11.395352862738553,-9.42236295753262,-11.335307163037479
"(9, 11)",-9.344881607684881,-9.775399784339676,-9.76045319981439,-9.943155718737955,-9.774961929355573,-11.032728415065463
"(9, 12)",-9.204086458088359,-9.706820734485518,-9.701251760283398,-9.718916936225263,-9.738321570610639,-9.940162505172365
"(9, 13)",-10.043782832082316,-10.07071393640528,-10.059397828512008,-10.04154139376142,-10.122156425621611,-9.633461663319116
"(9, 14)",-10.124167587677217,-10.120873472663694,-10.110401398758407,-10.010396983502476,-10.11704262494966,-9.503605878061787
"(9, 15)",-10.223096841891346,-10.183281058467907,-10.184012914506686,-10.153913649410454,-10.156088749790168,-10.167093937390305
"(9, 16)",-10.206326147241834,-10.187088939064651,-10.181305421921255,-10.170205293854771,-10.17105449733577,-10.184871089301161
"(9, 17)",-10.151347419094067,-10.101400046084848,-10.165211930623972,-10.166046416138595,-10.108076060783672,-10.11340987769761
"(9, 18)",-10.06955856934676,-10.067077304474047,-10.104211831058436,-10.028723219478533,-10.152507511797298,-10.104224617590551
"(9, 19)",-10.423710632141844,-10.381757498494709,-10.469661564490414,-10.431028909218782,-10.38674904673616,-10.443629269584376
"(10, 0)",-6.990673835067882,-6.994511827266056,-7.000385404775504,-7.026963192094648,-7.034408187856207,-7.02023713593451
"(10, 1)",-6.628764113344617,-6.664365515018054,-6.708420835006109,-6.622764788849085,-6.60947004519381,-6.716929715959348
"(10, 2)",-6.71483385458357,-6.693321757003195,-6.705950236677679,-6.718079066065741,-6.722375086985933,-6.670643180549257
"(10, 3)",-6.8420805058321355,-6.769045248703558,-6.82071047620689,-6.812818925104842,-6.902398407837297,-6.8340972904614175
"(10, 4)",-6.628636770495516,-6.640420678982115,-6.737263145369439,-6.650260369505083,-6.703205339397627,-6.655607996598708
"(10, 5)",-6.933217560775784,-6.834766294452334,-6.912682987986326,-6.915948674227728,-7.020503595883456,-6.883857340603921
"(10, 6)",-7.474887900681654,-7.869228029969252,-7.521355635622358,-7.627801376108858,-7.688880062208543,-7.508587466556769
"(10, 7)",-8.188730273067048,-8.267381170910804,-8.230310522572328,-8.503537461084157,-8.258628212777626,-8.328071195699565
"(10, 8)",-8.568518882516758,-8.617600150514098,-8.49444277052925,-8.52017240143459,-8.38659311537678,-9.241553073008838
"(10, 9)",-8.615130839922472,-8.96917258084753,-8.566432864963243,-8.584076383894814,-8.456798411421403,-8.636515248663464
"(10, 10)",-9.089007079528177,-9.989832051267973,-9.057796674447747,-10.325084686792046,-9.095453369259243,-10.21118895233511
"(10, 11)",-8.78864355640569,-9.53895518340638,-8.806921105003639,-10.012814420621321,-8.531748470875392,-10.694986004400674
"(10, 12)",-8.767904999090149,-8.725939831930429,-8.544800649830018,-9.57178795693904,-8.734163551606738,-10.111051494264212
"(10, 13)",-8.55705124312997,-8.296551877154608,-8.738985203962468,-8.657524418046561,-8.676181592510162,-9.846293497641065
"(10, 14)",-9.234870640405537,-8.938405561057511,-9.255008329542619,-9.196311610189353,-9.194051475760594,-9.275597709618994
"(10, 15)",-9.30534172496311,-9.306945290745693,-9.261151799243983,-8.992827992578382,-9.318258667139611,-9.285739948254152
"(10, 16)",-9.405853070824232,-9.375511192848332,-9.426170566826146,-9.384862583852206,-9.38612489383115,-9.38979155219257
"(10, 17)",-9.299548509803357,-9.340891564402476,-9.292731314362925,-9.286855124394195,-9.357250777705886,-9.25299061374691
"(10, 18)",-9.341004590439802,-9.26074063638981,-9.264464630943122,-9.311495525778248,-9.30854592296225,-9.27901997190872
"(10, 19)",-9.648409376488218,-9.638772299793093,-9.601988284505747,-9.603200152557656,-9.633628813068476,-9.610485854162837
"(11, 0)",-5.754088035231002,-5.751787736036221,-5.747061513969131,-5.782132903608781,-5.739517590039345,-5.696588766535475
"(11, 1)",-5.415040598682782,-5.409878211296976,-5.406718317469236,-5.449991058653004,-5.450597379686366,-5.360812347793967
"(11, 2)",-5.452479092394468,-5.447437280644596,-5.472561623442722,-5.502758272121397,-5.482104451171684,-5.442781976556015
"(11, 3)",-5.5093860687522636,-5.490186686083405,-5.480900374295364,-5.520600656420891,-5.557688600605963,-5.497759565688879
"(11, 4)",-5.5306814951841075,-5.505920178800046,-5.4692041311405,-5.474695814354564,-5.580001196758944,-5.4924351630038375
"(11, 5)",-5.509155427476901,-5.544675913028099,-5.555785993514755,-5.456456116803964,-5.5170505127102265,-5.484089294848022
"(11, 6)",-5.621408807410815,-5.6817517099597135,-5.708819871598878,-5.6359947064182085,-5.808629282013413,-5.79808351472683
"(11, 7)",-5.859342721984594,-5.784792810885519,-5.868353253938782,-5.7643453139593825,-6.008243141440188,-5.796460810353628
"(11, 8)",-6.5301721188451705,-6.601689289803508,-6.658214100305553,-6.405939309856847,-6.3993571270687255,-6.334033959047034
"(11, 9)",-7.601538998726329,-7.709908742435286,-7.569993060474642,-7.646016746387359,-7.444529108268616,-7.6165443634650325
"(11, 10)",-7.701740378542732,-7.753456409186333,-7.65687184088458,-7.729960807343398,-7.423476947371609,-7.7545430043185
"(11, 11)",-7.923102117670824,-9.455702816570572,-7.963779855968997,-9.263177915109226,-7.80760582153027,-9.046621791361211
"(11, 12)",-7.694627865817471,-8.66755790287791,-7.424380484175553,-9.687121259062824,-7.686377406875946,-9.376902061751574
"(11, 13)",-8.166126466507988,-8.164453836097964,-8.189702128656316,-8.290333548506398,-8.175526976651836,-9.781125668546286
"(11, 14)",-7.576093695892773,-7.679116727077353,-7.979753370860915,-7.756194370490981,-7.986019981162177,-8.670115300594382
"(11, 15)",-8.219976649596669,-8.162378295068777,-8.242859093858126,-8.197459577080892,-8.211712907598649,-7.82211768846663
"(11, 16)",-8.199833140313109,-8.12621398734348,-8.191675956020266,-8.087041361844626,-8.322285798218447,-7.605599067639373
"(11, 17)",-8.234289568192452,-8.257051351537473,-8.258675238719718,-8.241181234857208,-8.185619318033337,-8.214550303212778
"(11, 18)",-8.227483151887782,-8.182072429003757,-8.146483047833874,-8.145637633596849,-8.184744470884945,-8.206782044221221
"(11, 19)",-8.495819948311333,-8.499393396504432,-8.513076515613028,-8.465409747523642,-8.441329799732053,-8.441541851142437
"(12, 0)",-6.0687557374598375,-6.10861222964509,-6.062491900319999,-6.074948881946697,-6.105584620145581,-6.086531883328952
"(12, 1)",-5.6852535994857405,-5.749310366358683,-5.738938430366446,-5.788503588464983,-5.787814376646496,-5.703174414812128
"(12, 2)",-5.812252742856553,-5.721933069384568,-5.726940345429048,-5.724844251113167,-5.790830978361322,-5.790475297574897
"(12, 3)",-5.873314809232486,-5.823929138126619,-5.837259279785141,-5.859236146481136,-5.831773988306113,-5.891441783197302
"(12, 4)",-5.835122583888687,-5.874037519910387,-5.867117799444699,-5.82896361834218,-5.982987469961314,-5.856749345407729
"(12, 5)",-5.726536015566509,-5.734389193164263,-5.7605797866033175,-5.778500029319281,-5.737753638222764,-5.679274986785753
"(12, 6)",-5.77447179766472,-5.731328831439346,-5.920286443053949,-5.6984010560117175,-5.944124367338268,-5.772420935692043
"(12, 7)",-7.240735618615483,-7.313715504362154,-7.478854598993518,-7.460346717765778,-7.2592157698429585,-7.599952573222618
"(12, 8)",-8.236704646451035,-8.419899531146442,-8.374033027329371,-8.381498472997245,-8.43209123698388,-8.246414555562867
"(12, 9)",-7.750241399242206,-7.728379285866878,-7.61423822117895,-7.897872947831015,-7.578216961551528,-7.717996014984125
"(12, 10)",-7.629758188603319,-8.474529330376436,-7.632187386199149,-8.27675283570497,-7.034226934473721,-7.766109456586193
"(12, 11)",-7.600844542986225,-8.499629372175495,-7.481133100089311,-9.19205056145722,-7.3342815116282285,-9.075592710496423
"(12, 12)",-7.4647581433730945,-8.375787238001893,-7.009213115779913,-8.4935180410817,-7.271189390011482,-8.61860249129433
"(12, 13)",-6.966782524584651,-7.754496739510276,-6.862871247634192,-8.691146074620319,-6.78527975487028,-8.601207319483196
"(12, 14)",-6.595299521310182,-6.990739250110529,-6.758875666866258,-7.868692739266018,-6.877549169186627,-8.856208799937093
"(12, 15)",-6.644972237756759,-6.845403336942392,-6.9239105365978615,-7.05838942224557,-6.870513226300867,-7.495553890046031
"(12, 16)",-7.237115878327794,-7.2735540343123954,-7.329043625202737,-7.078792582757557,-7.290316152189331,-7.148471552957801
"(12, 17)",-7.338820378977237,-7.353521099598807,-7.509057293442462,-7.365112573749355,-7.440860202116466,-7.01141318445047
"(12, 18)",-7.4893198098068,-7.4642251305669545,-7.441343399807127,-7.422653061979235,-7.405257636880476,-7.421502037277106
"(12, 19)",-7.758735675094554,-7.773459446274424,-7.833168042683617,-7.796165134423931,-7.781263739781262,-7.757786976543159
"(13, 0)",-3.9018541161683005,-3.9911895566753604,-3.9131545673768624,-3.9048620540954944,-3.967465813801569,-3.9103478223210377
"(13, 1)",-3.517271762966695,-3.5784980216486093,-3.491815739102497,-3.4985490170557596,-3.550311803705862,-3.6700280289284066
"(13, 2)",-3.5619763816437757,-3.566393069742097,-3.576253488092851,-3.6902714393364047,-3.625395536211944,-3.622176699600369
"(13, 3)",-3.7074701998309667,-3.657381793675299,-3.6971333583722408,-3.6377887141244534,-3.64146078714897,-3.6606362611961853
"(13, 4)",-3.629442065337682,-3.656378161267429,-3.5732323837430617,-3.5923374730066797,-3.668194732117707,-3.616280120214231
"(13, 5)",-3.6794982399306506,-3.6725400688866725,-3.6544176445098198,-3.670614803970503,-3.6496238531236487,-3.61689736062512
"(13, 6)",-3.6402896416887827,-3.6045456728106435,-3.554949542157513,-3.5473712086585127,-3.6213905157774686,-3.5999861230144585
"(13, 7)",-3.7262680399010075,-3.674432217434237,-3.6971018432461067,-3.64500327020066,-3.6477251060601277,-3.659359419340776
"(13, 8)",-4.02314154115342,-4.015761033786573,-3.991480542963923,-3.9632657674412157,-4.0993549348509015,-4.026442771587137
"(13, 9)",-4.956197534294963,-4.733443875029818,-4.745070061824562,-5.038963144348594,-4.784639023430701,-4.822504664557728
"(13, 10)",-5.29128194778262,-5.241826320933359,-5.462332207729032,-5.275985161517979,-5.332062199780464,-5.253106980718595
"(13, 11)",-5.936199830260266,-5.808586109575236,-5.85166669400579,-5.878017377154702,-5.720148864054958,-5.832945941353767
"(13, 12)",-5.956404436709747,-5.951344948272318,-5.85458480648517,-5.937376785774919,-5.828239358763872,-6.110312444719005
"(13, 13)",-6.457690087119966,-7.561083855820767,-6.095841139476953,-6.846792436337006,-6.45244273092915,-7.9227052776473466
"(13, 14)",-6.2965239378723545,-6.872071362846974,-6.211742357085738,-7.487197665847957,-6.371003199002328,-6.93485798254032
"(13, 15)",-5.883030352837127,-6.297233532069873,-5.7392483371997995,-7.117604483188225,-6.135224683959819,-7.742582357988316
"(13, 16)",-5.734374374914528,-6.121209095706703,-6.07965627971522,-6.182851474539985,-5.848623767982814,-7.127986714773271
"(13, 17)",-6.306439432287157,-5.97086926595853,-6.338391754387517,-6.272631830870291,-6.396312792698023,-6.309701066967355
"(13, 18)",-6.408856699649829,-6.420801703318778,-6.450807735412937,-5.933387083344905,-6.426176229573031,-6.395907475658261
"(13, 19)",-6.822236819362975,-6.791197008824573,-6.773344807582285,-6.774026286799893,-6.81257000294292,-6.770007670377638
"(14, 0)",-3.1427449747384286,-3.1412851574714113,-3.127820597225943,-3.1508924240473157,-3.1839442837462677,-3.1508924240473157
"(14, 1)",-2.7538574621827294,-2.778369709362862,-2.853039420799238,-2.8518806520784867,-2.816207025803402,-2.7450250924452724
"(14, 2)",-2.7959865503730246,-2.8778888466634736,-2.8312785216656473,-2.854977508548056,-2.893189922064307,-2.9016440176997538
"(14, 3)",-2.9755142994841366,-2.9099378991689733,-2.9567797203679267,-2.8883326509076617,-2.939239723942051,-2.892328511593065
"(14, 4)",-2.8609742101895916,-2.9409756126489333,-2.941442387234289,-2.8717818511389344,-2.9010537645705794,-2.8550872707149413
"(14, 5)",-2.8547383573759606,-2.8966175205368216,-2.939078298944986,-2.8877583428823113,-2.8971851637983956,-2.9164507670204265
"(14, 6)",-2.9012263152151276,-2.932731500574344,-2.8786009079000983,-2.9428536696636156,-2.9531417609984425,-2.902651231294273
"(14, 7)",-2.8531106445130687,-2.911469690449017,-2.8389739710781483,-2.8628932230706226,-2.9602059676795514,-2.8879382373316154
"(14, 8)",-2.893861376550122,-2.9033488724239405,-2.990054660691125,-2.9467732295133393,-2.882663653878781,-2.8640443799858604
"(14, 9)",-2.9128789858795785,-2.942627099059365,-2.895539039193898,-2.8798629330012377,-3.141865495253639,-2.9540055737845043
"(14, 10)",-3.2164690939946032,-3.2429107188292083,-3.2970458423325297,-3.2126880737373558,-3.1875858711869554,-3.317254869153003
"(14, 11)",-3.3604930514026763,-3.517504485686445,-3.3915007760772786,-3.554335963494595,-3.3861651455689414,-3.351650856773952
"(14, 12)",-5.076355917478364,-5.108979609997327,-5.016402640996446,-5.037240213209944,-4.8090565792858415,-4.980527023301993
"(14, 13)",-4.967306803239775,-5.006028314621611,-4.867982880448693,-4.902244682891727,-4.808991228325418,-4.905288519466846
"(14, 14)",-5.531356200367408,-6.776329946744882,-5.332485780221069,-6.690673829217821,-5.523428943161428,-6.601483864474976
"(14, 15)",-5.470122128186327,-5.863389805653214,-5.468562449115115,-6.699214423160509,-4.8900048679308314,-6.6379499515364495
"(14, 16)",-5.230519765622441,-4.967340822415565,-5.199199712105609,-6.027168766192737,-5.266545870655605,-7.090148881433637
"(14, 17)",-4.899766700337723,-4.994541898431167,-5.190200413339708,-4.804968448810561,-5.1618629599145045,-6.301835785512965
"(14, 18)",-5.562275072601831,-5.316685070674886,-5.5305923217264645,-5.539945213548813,-5.550265995697956,-5.443161191633742
"(14, 19)",-5.5839734975813,-5.5995043790363965,-5.704822577109944,-5.666618109648048,-5.683634713429737,-5.0381205921622385
"(15, 0)",-0.34390000000000004,-0.28981,-0.34390000000000004,-0.2997001,-0.34390000000000004,-0.28981
"(15, 1)",-0.1,-0.39487510000000003,-0.19,-0.379639,0.0,-0.1
"(15, 2)",-0.1,-0.19,-0.28090000000000004,0.0,-0.19,-0.21771999999999997
"(15, 3)",-0.37162000000000006,-0.1,-0.19,-0.34390000000000004,0.0,-0.1
"(15, 4)",-0.271,-0.271,-0.28981,-0.19,-0.2008801,-0.19
"(15, 5)",-0.38685610000000004,-0.28981,-0.1,0.0,-0.34390000000000004,-0.19
"(15, 6)",-0.28090000000000004,-0.271,-0.271,-0.19,-0.19990000000000002,-0.19
"(15, 7)",-0.19,-0.19990000000000002,-0.21771999999999997,-0.19,-0.47526983471518564,-0.29872000000000004
"(15, 8)",0.0,-0.28090000000000004,-0.6202734392278548,-0.36271000000000003,-1.177702623868115,-0.19
"(15, 9)",-0.610399450364694,-0.271,-1.0318166233263972,-0.29872000000000004,-1.5494001869910439,-0.20881
"(15, 10)",-4.537284327955757,-4.897257614282623,-4.726306623061469,-4.661970743502371,-4.66445125018144,-4.527800542910197
"(15, 11)",-5.942768846015383,-5.890263238273919,-5.9075011467876255,-5.801210460961698,-5.8306786087730424,-6.058208252626462
"(15, 12)",-4.972178939074904,-5.209989542390899,-5.117368126228511,-5.308229317403616,-4.788516543647944,-5.1711463256646555
"(15, 13)",-5.308798157631717,-5.206748033621679,-4.884516452403874,-5.571987357215575,-3.960200154388722,-5.1839113367325425
"(15, 14)",-4.998241264436445,-5.968303599841863,-4.702216158713764,-6.180745265241412,-4.876910723695158,-6.684066184389337
"(15, 15)",-4.075058326359505,-6.215736564843183,-4.005062863931237,-5.918151159975892,-3.8956441657924135,-5.89090524248252
"(15, 16)",-4.43658995698951,-4.860233411219766,-4.360948200928663,-6.273048915453723,-3.6827338593881334,-5.914748367086524
"(15, 17)",-4.518477287909828,-4.397629735387239,-4.503388291526511,-4.975137927108706,-4.544570311327749,-6.0524592530201975
"(15, 18)",-3.9403763546374866,-4.40930984378948,-3.9452991201710734,-4.2047244749320285,-3.942577246801469,-4.396664120352566
"(15, 19)",-4.718750675055798,-3.881228163368395,-4.828729348369373,-4.761024527456307,-4.726188700776181,-4.713145855537801
"(16, 0)",0.0,0.0,0.0,0.0,0.0,0.0
"(16, 1)",0.0,0.0,0.0,0.0,0.0,0.0
"(16, 2)",0.0,0.0,0.0,0.0,0.0,0.0
"(16, 3)",0.0,0.0,0.0,0.0,0.0,0.0
"(16, 4)",0.0,0.0,0.0,0.0,0.0,0.0
"(16, 5)",0.0,0.0,0.0,0.0,0.0,0.0
"(16, 6)",0.0,0.0,0.0,0.0,0.0,0.0
"(16, 7)",0.0,0.0,0.0,0.0,0.0,0.0
"(16, 8)",0.0,0.0,0.0,0.0,0.0,0.0
"(16, 9)",0.0,0.0,0.0,0.0,0.0,0.0
"(16, 10)",0.0,0.0,0.0,0.0,0.0,0.0
"(16, 11)",0.0,0.0,0.0,0.0,0.0,0.0
"(16, 12)",-0.5695746509994009,-0.5366276257899181,-1.4431741404401643,-0.5952934826672613,-1.2356462597138673,-0.5052781000000001
"(16, 13)",-2.0656801713726933,-2.2804342944811014,-2.217408084429178,-2.4014015840533176,-2.126808851935836,-1.999397716795136
"(16, 14)",-3.066346770323349,-3.1698882216504627,-3.03106237315803,-3.239881951769265,-2.9708130881143453,-3.0351672317098055
"(16, 15)",-3.0460286382539934,-3.013577999210308,-2.9701375541476494,-3.236346030252549,-2.9700989677742653,-3.2011872443987506
"(16, 16)",-3.388170666281522,-4.83244018143384,-2.981779939014969,-4.9745529123469625,-3.436128630577815,-4.905600620010093
"(16, 17)",-3.698285268700357,-4.070169723182456,-3.783078409170979,-4.735198238914849,-2.9701000000000004,-4.817896474814925
"(16, 18)",-3.0688663547910973,-3.067129900073947,-2.9715342153642705,-4.040336468000617,-3.0738042860283095,-4.78901360815697
"(16, 19)",-2.9709737814085417,-2.9732895004903486,-2.9708825536631775,-2.972054731433644,-2.9701000000000004,-4.134561300596506
"(17, 0)",0.0,0.0,0.0,0.0,0.0,0.0
"(17, 1)",0.0,0.0,0.0,0.0,0.0,0.0
"(17, 2)",0.0,0.0,0.0,0.0,0.0,0.0
"(17, 3)",0.0,0.0,0.0,0.0,0.0,0.0
"(17, 4)",0.0,0.0,0.0,0.0,0.0,0.0
"(17, 5)",0.0,0.0,0.0,0.0,0.0,0.0
"(17, 6)",0.0,0.0,0.0,0.0,0.0,0.0
"(17, 7)",0.0,0.0,0.0,0.0,0.0,0.0
"(17, 8)",0.0,0.0,0.0,0.0,0.0,0.0
"(17, 9)",0.0,0.0,0.0,0.0,0.0,0.0
"(17, 10)",0.0,0.0,0.0,0.0,0.0,0.0
"(17, 11)",0.0,0.0,0.0,0.0,0.0,0.0
"(17, 12)",0.0,0.0,0.0,0.0,0.0,0.0
"(17, 13)",0.0,0.0,0.0,0.0,0.0,0.0
"(17, 14)",0.0,-0.126829,0.0,0.0,0.0,0.0
"(17, 15)",-1.251543776368266,-1.0425416974083856,-0.9928066828509388,-1.1289570418086732,-1.0056600378472158,-0.9807814582327009
"(17, 16)",-2.215456183279624,-2.136751084035255,-2.0179147707807243,-2.2008348746539435,-1.9899999999999984,-2.147722364338167
"(17, 17)",-2.226481865090393,-4.1269301599313195,-2.0788563986731923,-3.9403395808222434,-1.9900000000036182,-3.941618006880385
"(17, 18)",-1.9899999999999984,-2.983088140147087,-1.9899999999999984,-4.017894247023991,-1.9899999999999984,-3.9401536821077348
"(17, 19)",-1.9899999999999984,-2.1726527714230834,-1.9899999999999984,-2.9704045468730067,-1.9899999999999984,-4.070450955534509
"(18, 0)",0.0,0.0,0.0,0.0,0.0,0.0
"(18, 1)",0.0,0.0,0.0,0.0,0.0,0.0
"(18, 2)",0.0,0.0,0.0,0.0,0.0,0.0
"(18, 3)",0.0,0.0,0.0,0.0,0.0,0.0
"(18, 4)",0.0,0.0,0.0,0.0,0.0,0.0
"(18, 5)",0.0,0.0,0.0,0.0,0.0,0.0
"(18, 6)",0.0,0.0,0.0,0.0,0.0,0.0
"(18, 7)",0.0,0.0,0.0,0.0,0.0,0.0
"(18, 8)",0.0,0.0,0.0,0.0,0.0,0.0
"(18, 9)",0.0,0.0,0.0,0.0,0.0,0.0
"(18, 10)",0.0,0.0,0.0,0.0,0.0,0.0
"(18, 11)",0.0,0.0,0.0,0.0,0.0,0.0
"(18, 12)",0.0,0.0,0.0,0.0,0.0,0.0
"(18, 13)",-2.362351598195935,-2.179132041932298,-2.056110707377382,-2.0257898104803744,-2.0338121860605716,-2.0237016263131973
"(18, 14)",-2.938581007493232,-2.9214540470683374,-2.9217747824731077,-3.057060180062412,-2.8480500854123476,-3.1614351864107872
"(18, 15)",-2.369616903968896,-2.44653041340938,-2.282828772133938,-2.2746899090699926,-2.156535060579582,-2.1876739569002357
"(18, 16)",-2.7994893021359712,-3.014170644673474,-2.0295174557792994,-2.9243083935638303,-1.8909999999999842,-2.4914911170763574
"(18, 17)",-2.113014951582927,-3.0859501038037105,-1.8909565523531267,-3.794670850915489,-1.9899999999999984,-3.965355228657314
"(18, 18)",-1.9084660287440587,-3.8798820735682624,-1.9882411482145845,-3.769831507348651,-1.9883304837206277,-3.6223977137771626
"(18, 19)",-0.9999999999999996,-2.531861617878847,-0.9999999999999996,-3.033241385032008,-0.9999999999999996,-3.3279895339182937
"(19, 0)",0.0,0.0,0.0,0.0,0.0,0.0
"(19, 1)",0.0,0.0,0.0,0.0,0.0,0.0
"(19, 2)",0.0,0.0,0.0,0.0,0.0,0.0
"(19, 3)",0.0,0.0,0.0,0.0,0.0,0.0
"(19, 4)",0.0,0.0,0.0,0.0,0.0,0.0
"(19, 5)",0.0,0.0,0.0,0.0,0.0,0.0
"(19, 6)",0.0,0.0,0.0,0.0,0.0,0.0
"(19, 7)",0.0,0.0,0.0,0.0,0.0,0.0
"(19, 8)",0.0,0.0,0.0,0.0,0.0,0.0
"(19, 9)",0.0,0.0,0.0,0.0,0.0,0.0
"(19, 10)",0.0,0.0,0.0,0.0,0.0,0.0
"(19, 11)",0.0,0.0,0.0,0.0,0.0,0.0
"(19, 12)",0.0,0.0,0.0,0.0,0.0,0.0
"(19, 13)",0.0,0.0,0.0,0.0,0.0,0.0
"(19, 14)",0.0,0.0,0.0,0.0,0.0,0.0
"(19, 15)",0.0,0.0,0.0,0.0,0.0,0.0
"(19, 16)",0.0,0.0,0.0,0.0,0.0,0.0
"(19, 17)",0.0,0.0,0.0,0.0,0.0,0.0
"(19, 18)",0.0,0.0,0.0,0.0,0.0,0.0
"(19, 19)",0.0,0.0,0.0,0.0,0.0,0.0
